Date,Russia_Total,Change,Ukraine_Total,Change,Ratio RU/UA,Russia_Destroyed,Ukraine_Destroyed,,Russia_Damaged,Ukraine_Damaged,,Russia_Abandoned,Ukraine_Abandoned,,Russia_Captured,Ukraine_Captured,,Russia_Tanks,Ukraine_Tanks,Russia_Tank_Capture,Ukraine_Tank_Capture,,Russia_AFV,Ukraine_AFV,Russia_AFV_Capture,Ukraine_AFV_Capture,,Russia_IFV,Ukraine_IFV,,Russia_APC,Ukraine_APC,,Russia_IMV,Ukraine_IMV,,Russia_Engineering,Ukraine_Engineering,,Russia_Coms,Ukraine_Coms,,Russia_Vehicles,Ukraine_Vehicles,,Russia_Aircraft,Ukraine_Aircraft,,Russia_Infantry,Ukraine_Infantry,,Russia_Logistics,Ukraine_Logistics,,Russia_Armor,Ukraine_Armor,,Russia_Antiair,Ukraine_Antiair,,Russia_Artillery,Ukraine_Artillery,,UNHCR Ukraine Refugees,UNHCR Returning Ukraine Refugees
2022-02-24,0,,0,,0.00,0,0,,0,0,,0,0,,0,0,,1,1,0,0,,5,2,1,2,,1,5,,0,2,,2,1,,3,0,,0,0,,9,16,,4,2,,3,8,,3,0,,6,3,,1,7,,0,2,,84681,
2022-02-25,52,52,59,59,0.88,25,27,,5,5,,2,10,,20,17,,2,4,0,1,,7,2,1,4,,4,6,,0,2,,5,1,,3,0,,0,0,,19,26,,5,3,,9,9,,3,0,,9,6,,2,7,,4,2,,192982,22737
2022-02-26,107,55,88,29,1.22,42,36,,6,4,,10,31,,49,17,,7,9,0,2,,7,10,1,4,,11,9,,0,3,,7,2,,12,0,,2,0,,37,32,,5,3,,18,14,,14,0,,14,19,,3,7,,4,4,,341301,35130
2022-02-27,161,54,96,8,1.68,71,38,,6,4,,22,35,,62,19,,9,9,0,2,,11,13,1,6,,15,9,,6,3,,11,4,,12,0,,2,0,,66,34,,6,3,,32,16,,14,0,,20,22,,4,7,,4,4,,509665,46112
2022-02-28,321,160,147,51,2.18,139,53,,7,4,,72,38,,103,52,,41,15,1,11,,31,21,5,10,,43,9,,14,9,,20,6,,16,0,,2,0,,108,35,,7,5,,77,24,,18,0,,72,36,,15,10,,9,7,,672139,55309
2022-03-01,358,37,151,4,2.37,154,55,,8,4,,81,39,,115,53,,44,15,1,11,,36,22,5,12,,48,9,,14,9,,22,6,,17,0,,3,0,,117,35,,9,5,,84,24,,20,0,,80,37,,16,10,,10,7,,838829,66222
2022-03-02,470,112,166,15,2.83,191,62,,7,4,,122,43,,150,57,,55,19,3,16,,49,22,5,17,,62,9,,24,9,,24,8,,23,0,,5,0,,162,40,,12,5,,110,26,,28,0,,104,41,,20,11,,16,9,,1033312,76598
2022-03-03,529,59,180,14,2.94,217,69,,8,4,,129,43,,175,64,,65,29,10,22,,55,24,6,18,,71,18,,28,13,,24,11,,24,0,,7,0,,177,44,,12,5,,123,42,,31,0,,120,53,,20,11,,21,10,,1201217,86915
2022-03-04,622,93,201,21,3.09,246,77,,9,4,,139,44,,228,76,,91,38,17,39,,65,25,7,27,,80,20,,33,14,,25,12,,26,0,,8,0,,204,47,,15,7,,138,46,,34,0,,156,63,,25,12,,24,10,,1373316,96389
2022-03-05,724,102,229,28,3.16,285,83,,10,4,,147,44,,282,98,,106,40,19,50,,73,32,13,32,,105,23,,41,16,,29,13,,33,1,,8,0,,224,56,,22,8,,175,52,,41,1,,179,72,,27,13,,24,11,,1570836,107717
2022-03-06,818,94,245,16,3.34,319,92,,10,4,,147,44,,342,105,,119,44,21,59,,78,33,14,36,,118,24,,49,16,,32,14,,35,1,,8,0,,255,64,,22,8,,199,54,,43,1,,197,77,,29,15,,42,12,,1779996,118375
2022-03-07,870,52,249,4,3.49,348,93,,10,4,,147,44,,365,108,,136,45,21,68,,85,33,14,39,,126,24,,54,16,,32,17,,36,1,,8,0,,261,64,,24,8,,212,57,,44,1,,221,78,,31,15,,44,12,,1987656,127511
2022-03-08,945,75,271,22,3.49,377,95,,13,5,,156,44,,399,127,,151,45,21,71,,92,36,17,43,,138,24,,53,17,,33,17,,37,1,,8,0,,296,70,,24,9,,224,58,,45,1,,243,81,,32,16,,47,21,,2172694,137426
2022-03-09,969,24,274,3,3.54,386,96,,13,5,,158,43,,412,130,,156,45,21,71,,96,36,17,45,,141,24,,55,17,,33,17,,37,1,,8,0,,298,70,,24,11,,229,58,,45,1,,252,81,,32,16,,49,21,,2343537,147916
2022-03-10,1009,40,277,3,3.64,407,97,,13,5,,157,43,,432,132,,166,46,21,76,,101,37,18,48,,151,25,,57,17,,34,17,,36,1,,8,0,,302,70,,27,11,,242,59,,44,1,,267,83,,36,16,,51,21,,2478204,170333
2022-03-11,1104,95,303,26,3.64,455,115,,14,5,,171,45,,464,138,,190,52,26,85,,111,40,21,51,,165,37,,63,18,,35,18,,36,1,,8,0,,334,76,,29,14,,263,73,,44,1,,301,92,,38,17,,53,23,,2597460,182674
2022-03-12,1136,32,318,15,3.57,474,120,,14,5,,172,45,,476,148,,193,57,29,88,,111,43,23,51,,171,38,,64,18,,35,19,,37,1,,9,0,,343,79,,32,14,,270,75,,46,1,,304,100,,40,18,,55,23,,2713282,195801
2022-03-13,1149,13,323,5,3.56,482,121,,14,5,,174,45,,479,152,,198,59,31,89,,112,44,24,51,,173,38,,64,19,,35,19,,38,1,,9,0,,346,79,,33,14,,272,76,,47,1,,310,103,,40,18,,55,23,,2838599,208232
2022-03-14,1262,113,335,12,3.77,536,129,,18,5,,195,46,,513,155,,209,62,31,95,,128,44,24,57,,185,40,,64,19,,37,21,,41,1,,9,0,,407,83,,35,14,,286,80,,50,1,,337,106,,40,18,,57,23,,2952275,217609
2022-03-15,1308,46,356,21,3.67,554,134,,19,5,,207,47,,528,170,,217,63,31,99,,136,45,24,57,,194,42,,67,19,,38,23,,41,1,,9,0,,414,85,,36,15,,299,84,,50,1,,353,108,,42,30,,62,24,,3063095,228626
2022-03-16,1357,49,361,5,3.76,587,135,,20,5,,210,47,,540,174,,229,63,31,102,,140,45,24,59,,201,42,,68,21,,38,24,,41,1,,9,0,,420,85,,53,16,,307,87,,50,1,,369,108,,42,31,,63,25,,3169897,241091
2022-03-17,1466,109,371,10,3.95,666,142,,24,5,,215,48,,561,176,,237,64,31,105,,150,46,24,62,,211,43,,69,22,,50,24,,43,1,,9,0,,482,87,,53,17,,330,89,,52,1,,387,110,,43,32,,67,25,,3264054,254074
2022-03-18,1532,66,386,15,3.97,709,151,,27,5,,222,49,,574,181,,244,65,31,106,,163,47,24,65,,225,47,,70,24,,52,27,,43,1,,9,0,,499,89,,56,18,,347,98,,52,1,,407,112,,46,33,,70,25,,3328692,270187
2022-03-19,1581,49,388,2,4.07,748,153,,27,5,,224,49,,582,181,,251,65,31,106,,165,47,24,64,,232,48,,70,24,,52,27,,43,1,,11,0,,520,89,,57,18,,354,99,,54,1,,416,112,,46,33,,71,26,,3389044,288874
2022-03-20,1659,78,397,9,4.18,799,160,,30,5,,221,49,,609,183,,263,65,31,111,,173,47,24,65,,244,51,,70,25,,55,29,,44,1,,11,0,,544,89,,61,20,,369,105,,55,1,,436,112,,50,33,,75,26,,3489644,305567
2022-03-21,1662,3,500,103,3.32,800,185,,30,10,,222,37,,610,268,,263,69,36,111,,173,59,35,65,,245,54,,70,25,,55,29,,44,1,,11,0,,544,163,,62,20,,370,108,,55,1,,436,128,,50,39,,76,31,,3557245,317764
2022-03-22,1704,42,501,1,3.40,824,185,,32,10,,221,37,,627,269,,270,69,36,114,,179,59,35,68,,255,54,,70,26,,55,29,,46,1,,11,0,,547,163,,63,20,,380,109,,57,1,,449,128,,50,39,,85,31,,3626546,331134
2022-03-23,1750,46,515,14,3.40,854,192,,32,11,,223,37,,641,275,,277,71,37,117,,190,60,35,72,,260,54,,70,26,,57,29,,46,1,,11,0,,567,171,,66,21,,387,109,,57,1,,467,131,,51,39,,87,31,,3674952,344865
2022-03-24,1785,35,534,19,3.34,871,204,,34,16,,228,37,,652,277,,280,72,38,118,,198,60,35,77,,262,58,,71,26,,57,29,,47,1,,11,0,,579,179,,66,21,,390,113,,58,1,,478,132,,51,41,,92,33,,3725806,359561
2022-03-25,1856,71,540,6,3.44,916,206,,35,16,,228,37,,677,281,,295,75,40,125,,210,60,35,81,,280,58,,76,26,,62,29,,52,1,,11,0,,587,180,,67,22,,418,113,,63,1,,505,135,,51,42,,94,34,,3772599,375764
2022-03-26,1887,31,557,17,3.39,936,209,,35,16,,229,37,,687,295,,298,77,42,126,,217,60,35,82,,289,60,,76,28,,63,32,,55,6,,11,0,,592,180,,67,22,,428,120,,66,6,,515,137,,51,45,,97,37,,3821049,395458
2022-03-27,1986,99,574,17,3.46,985,225,,37,16,,232,37,,732,296,,310,77,42,131,,229,61,35,87,,303,60,,77,28,,63,32,,60,7,,12,0,,629,186,,68,22,,443,120,,72,7,,539,138,,52,45,,101,41,,3866224,412601
2022-03-28,2019,33,574,0,3.52,1004,225,,38,16,,232,37,,745,296,,318,77,42,134,,232,61,35,89,,307,60,,79,28,,64,32,,61,7,,12,0,,640,186,,68,22,,450,120,,73,7,,550,138,,52,45,,101,41,,3901713,428238
2022-03-29,2085,66,578,4,3.61,1041,229,,38,16,,235,37,,771,296,,340,77,42,142,,240,61,35,92,,322,60,,80,28,,66,35,,64,7,,13,0,,650,187,,70,22,,468,123,,77,7,,580,138,,52,45,,103,41,,4019287,444894
2022-03-30,2111,26,624,46,3.38,1061,262,,41,17,,233,37,,776,308,,347,78,42,142,,243,63,35,96,,325,63,,81,28,,69,40,,65,7,,13,0,,650,201,,71,25,,475,131,,78,7,,590,141,,53,56,,109,44,,4059105,462878
2022-03-31,2147,36,656,32,3.27,1085,283,,41,18,,234,37,,787,318,,352,87,43,144,,244,65,35,96,,346,70,,81,30,,70,45,,67,9,,13,0,,652,205,,70,26,,497,145,,80,9,,596,152,,54,56,,109,44,,4102876,481670
2022-04-01,2278,131,659,3,3.46,1155,285,,41,18,,233,37,,849,319,,388,86,43,161,,263,65,35,108,,374,72,,81,30,,72,47,,70,9,,14,0,,667,205,,74,26,,527,149,,84,9,,651,151,,56,56,,112,44,,4137842,501123
2022-04-02,2286,8,660,1,3.46,1158,286,,41,18,,234,37,,853,319,,391,86,43,163,,266,65,35,109,,374,72,,81,30,,73,47,,70,9,,15,0,,667,205,,74,27,,528,149,,85,9,,657,151,,56,56,,113,44,,4176401,525206
2022-04-03,2393,107,674,14,3.55,1207,296,,41,19,,232,37,,913,322,,410,90,44,168,,279,66,36,115,,399,74,,84,30,,74,48,,73,9,,15,0,,694,205,,78,27,,557,152,,88,9,,689,156,,57,59,,123,44,,4215047,544379
2022-04-04,2437,44,680,6,3.58,1235,300,,39,20,,236,37,,927,323,,425,91,44,176,,279,65,35,116,,410,76,,87,30,,77,48,,77,9,,16,0,,698,205,,79,27,,574,154,,93,9,,704,156,,62,63,,128,45,,4244595,561432
2022-04-05,2491,54,684,4,3.64,1270,303,,38,20,,238,37,,945,324,,427,91,44,176,,279,65,35,116,,446,76,,87,30,,77,48,,80,9,,16,0,,714,205,,74,31,,610,154,,96,9,,706,156,,63,63,,129,45,,4278789,579315
2022-04-06,2572,81,689,5,3.73,1322,305,,38,21,,238,37,,974,326,,452,92,44,181,,283,65,35,118,,453,76,,89,31,,81,49,,86,9,,19,0,,728,206,,74,31,,623,156,,105,9,,735,157,,70,64,,135,45,,4319494,598357
2022-04-07,2608,36,697,8,3.74,1351,311,,38,24,,237,37,,982,325,,448,93,44,182,,284,65,35,118,,465,74,,90,31,,81,49,,86,10,,19,0,,750,210,,74,30,,636,154,,105,10,,732,158,,73,67,,135,45,,4382316,615900
2022-04-08,2616,8,701,4,3.73,1358,311,,38,24,,237,37,,983,329,,449,95,46,182,,284,65,35,118,,466,74,,91,32,,81,49,,87,9,,19,0,,751,211,,76,30,,638,155,,106,9,,733,160,,73,67,,136,45,,4441663,636012
2022-04-09,2702,86,717,16,3.77,1419,323,,39,24,,236,37,,1008,333,,456,96,46,184,,289,68,36,119,,485,79,,95,32,,90,50,,92,9,,20,0,,779,216,,78,30,,670,161,,112,9,,745,164,,73,67,,143,45,,4503954,661561
2022-04-10,2746,44,728,11,3.77,1443,333,,39,24,,233,37,,1031,334,,467,96,46,188,,255,70,38,106,,489,79,,96,32,,90,50,,99,9,,61,0,,787,223,,79,30,,675,161,,160,9,,722,166,,74,67,,146,45,,4547735,684457
2022-04-11,2770,24,739,11,3.75,1456,339,,39,23,,234,35,,1041,342,,476,103,51,192,,256,71,39,106,,497,82,,96,32,,91,51,,101,9,,61,0,,787,224,,80,30,,684,165,,162,9,,732,174,,74,67,,148,45,,4615830,705446
2022-04-12,2799,29,757,18,3.70,1472,345,,39,23,,234,35,,1054,354,,488,107,54,198,,258,74,42,106,,503,83,,96,34,,90,54,,102,10,,62,0,,789,224,,80,33,,689,171,,164,10,,746,181,,75,67,,149,46,,4656509,727286
2022-04-13,2884,85,774,17,3.73,1538,353,,44,23,,236,35,,1066,363,,505,111,58,200,,263,74,42,106,,520,85,,97,40,,91,58,,105,10,,62,0,,823,225,,81,33,,708,183,,167,10,,768,185,,76,67,,150,46,,4736471,751987
2022-04-14,2897,13,789,15,3.67,1545,365,,44,23,,237,35,,1071,366,,507,112,58,201,,264,75,43,106,,520,85,,97,40,,91,59,,105,11,,63,0,,826,231,,84,34,,708,184,,168,11,,771,187,,76,68,,152,47,,4796245,779493
2022-04-15,2899,2,790,1,3.67,1548,365,,44,23,,237,35,,1070,367,,507,112,58,201,,263,75,43,105,,520,85,,97,40,,91,59,,105,11,,63,0,,826,231,,86,34,,708,184,,168,11,,770,187,,76,69,,152,47,,4836445,810266
2022-04-16,2917,18,813,23,3.59,1551,376,,44,22,,238,35,,1084,380,,505,123,64,201,,278,75,43,115,,521,87,,97,45,,93,61,,106,12,,63,0,,827,231,,86,35,,711,193,,169,12,,783,198,,76,70,,152,49,,4869019,843376
2022-04-17,2960,43,822,9,3.60,1570,382,,44,22,,239,35,,1107,383,,510,124,65,203,,303,76,44,127,,523,88,,97,46,,93,61,,108,12,,63,0,,832,236,,89,35,,713,195,,171,12,,813,200,,76,70,,153,49,,4934415,867714
2022-04-18,2992,32,836,14,3.58,1581,385,,46,22,,244,36,,1121,393,,519,124,65,207,,306,76,44,128,,532,88,,101,47,,94,64,,109,12,,63,0,,834,243,,91,37,,727,199,,172,12,,825,200,,76,71,,153,49,,4980589,886269
2022-04-19,2997,5,843,7,3.56,1586,388,,46,22,,244,36,,1121,397,,519,124,65,207,,306,76,44,128,,532,88,,101,49,,96,65,,109,12,,63,0,,834,244,,94,37,,729,202,,172,12,,825,200,,76,74,,153,51,,5034439,910408
2022-04-20,3044,47,866,23,3.52,1615,393,,48,22,,243,35,,1138,416,,525,131,73,211,,311,80,47,130,,557,90,,101,52,,95,67,,110,12,,63,0,,841,248,,96,37,,753,209,,173,12,,836,211,,77,75,,153,51,,5085360,938283
2022-04-21,3080,36,874,8,3.52,1635,399,,47,22,,243,35,,1155,418,,531,134,73,212,,314,80,47,131,,561,91,,101,53,,95,69,,111,12,,63,0,,856,249,,102,37,,757,213,,174,12,,845,214,,77,75,,153,51,,5133747,966944
2022-04-22,3080,0,875,1,3.52,1635,400,,47,22,,243,35,,1155,418,,531,134,73,212,,314,80,47,131,,561,91,,101,53,,95,69,,111,12,,63,0,,856,249,,102,38,,757,213,,174,12,,845,214,,77,75,,153,51,,5163686,996236
2022-04-23,3126,46,879,4,3.56,1653,403,,51,22,,253,35,,1169,419,,543,134,72,212,,315,80,47,132,,576,93,,102,53,,99,71,,114,12,,65,0,,857,249,,105,38,,777,217,,179,12,,858,214,,77,75,,156,51,,5186744,1020962
2022-04-24,3155,29,882,3,3.58,1669,405,,52,22,,259,35,,1175,420,,551,134,72,215,,318,83,49,132,,591,93,,102,53,,99,70,,114,12,,65,0,,857,250,,105,38,,792,216,,179,12,,869,217,,77,75,,157,51,,5232014,1035338
2022-04-25,3198,43,903,21,3.54,1695,419,,55,22,,259,35,,1189,427,,562,139,73,214,,318,85,50,132,,610,96,,103,53,,100,73,,118,12,,66,0,,861,256,,106,39,,813,222,,184,12,,880,224,,77,76,,158,52,,5264767,1049966
2022-04-26,3219,21,910,7,3.54,1715,423,,55,22,,259,35,,1190,430,,571,139,73,215,,320,85,50,132,,613,100,,103,54,,100,73,,118,12,,67,0,,862,258,,110,39,,816,227,,185,12,,891,224,,77,76,,158,52,,5317219,1069431
2022-04-27,3241,22,926,16,3.50,1729,433,,56,22,,262,35,,1194,436,,579,140,73,215,,321,86,50,132,,619,102,,103,55,,101,74,,118,12,,67,0,,867,263,,111,43,,823,231,,185,12,,900,226,,77,78,,158,53,,5372845,1093123
2022-04-28,3249,8,940,14,3.46,1734,439,,56,22,,262,35,,1197,444,,584,142,73,216,,321,87,50,132,,621,105,,103,55,,101,81,,119,12,,67,0,,867,264,,113,45,,825,241,,186,12,,905,229,,77,78,,158,53,,5429739,1118622
2022-04-29,3260,11,947,7,3.44,1742,443,,56,22,,262,35,,1200,447,,587,144,73,217,,322,87,50,133,,622,105,,103,57,,101,82,,119,12,,67,0,,870,266,,113,45,,826,244,,186,12,,909,231,,78,78,,158,53,,5468629,1146179
2022-04-30,3311,51,952,5,3.48,1777,446,,58,22,,266,35,,1210,449,,595,144.00,73,221.00,,319,88.00,51,129.00,,648,105.00,,103,57.00,,101,83,,121,12,,71,0,,878,269,,114,45,,852,245,,192,12,,914,232,,79,78,,161,53,,5535178,1178893
2022-05-01,3319,8,957,5,3.47,1786,449,,58,22,,266,35,,1209,451,,606,145,73,229,,322,89,52,129,,651,105,,103,57,,101,85,,121,12,,71,0,,878,269,,114,46,,855,247,,192,12,,928,234,,79,78,,161,53,,5563959,1206935
2022-05-02,3342,23,967,10,3.46,1805,452,,59,22,,266,35,,1212,458,,600,145,73,222,,324,89,52,129,,652,106,,105,59,,102,85,,121,12,,71,0,,884,271,,115,46,,859,250,,192,12,,924,234,,80,82,,161,53,,5597483,1230011
2022-05-03,3374,32,978,11,3.45,1826,456,,59,22,,266,35,,1223,465,,600,149,76,221,,327,89,52,129,,661,106,,107,59,,102,85,,122,12,,72,0,,894,279,,119,46,,870,250,,194,12,,927,238,,81,81,,161,52,,5657185,1252239
2022-05-04,3417,43,983,5,3.48,1860,458,,63,22,,266,35,,1228,468,,605,149,76,222,,341,89,52,129,,667,106,,108,59,,102,85,,123,12,,72,0,,907,281,,121,46,,877,250,,195,12,,946,238,,81,84,,162,55,,5707967,1275292
2022-05-05,3445,28,987,4,3.49,1883,459,,64,22,,264,35,,1234,471,,608,149,76,223,,349,89,52,129,,675,108,,108,59,,102,87,,123,12,,73,0,,915,281,,123,46,,885,254,,196,12,,957,238,,81,84,,162,55,,5757014,1299941
2022-05-06,3471,26,992,5,3.50,1906,459,,65,23,,264,35,,1236,475,,625,151,76,227,,351,90,53,127,,686,110,,108,60,,102,87,,123,12,,73,0,,916,281,,117,45,,896,257,,196,12,,976,241,,82,84,,162,55,,5801159,1324113
2022-05-07,3475,4,1000,8,3.48,1908,465,,67,24,,262,35,,1238,476,,623,153,76,228,,338,90,53,122,,686,111,,108,61,,102,87,,122,13,,73,0,,918,281,,117,46,,896,259,,195,13,,961,243,,83,85,,162,55,,5852526,1349385
2022-05-08,3514,39,1001,1,3.51,1927,465,,67,24,,272,35,,1248,477,,633,154,77,232,,342,90,53,124,,694,111,,108,61,,103,87,,129,13,,73,0,,919,281,,121,46,,905,259,,202,13,,975,244,,83,85,,164,55,,5890875,1370399
2022-05-09,3570,56,1009,8,3.54,1969,470,,70,24,,273,35,,1258,480,,641,155,78,233,,344,90,53,125,,702,112,,108,63,,108,87,,133,13,,73,0,,942,284,,122,47,,918,262,,206,13,,985,245,,84,85,,165,55,,5917703,1389039
2022-05-10,3579,9,1015,6,3.53,1972,474,,70,24,,273,35,,1264,482,,645,157,79,236,,345,90,53,126,,704,112,,108,64,,108,88,,133,13,,73,0,,942,284,,123,47,,920,264,,206,13,,990,247,,84,87,,166,56,,5981358,1416989
2022-05-11,3623,44,1021,6,3.55,2006,479,,71,24,,273,35,,1273,483,,662,160,80,238,,356,90,53,128,,705,112,,108,64,,108,89,,133,13,,73,0,,948,285,,125,49,,921,265,,206,13,,1018,250,,84,87,,170,56,,6029705,1450496
2022-05-12,3623,0,1021,0,3.55,2006,479,,71,24,,273,35,,1273,483,,662,160,80,238,,356,90,53,128,,705,112,,108,64,,108,89,,133,13,,73,0,,948,285,,125,49,,921,265,,206,13,,1018,250,,84,87,,170,56,,6080239,1483749
2022-05-13,3659,36,1040,19,3.52,2027,486,,74,24,,280,35,,1278,495,,668,160,80,239,,361,81,49,129,,716,117,,108,66,,108,93,,134,13,,73,2,,955,289,,128,49,,932,276,,207,15,,1029,241,,84,88,,173,57,,6111172,1521374
2022-05-14,3675,16,1045,5,3.52,2034,488,,74,24,,283,35,,1284,498,,669,163,82,239,,365,81,49,131,,721,117,,108,67,,109,93,,136,13,,74,2,,957,290,,128,49,,938,277,,210,15,,1034,244,,84,88,,173,57,,6175790,1561833
2022-05-15,3675,0,1045,0,3.52,2034,488,,74,24,,283,35,,1284,498,,669,163,82,239,,365,81,49,131,,721,117,,108,67,,109,93,,136,13,,74,2,,957,290,,128,49,,938,277,,210,15,,1034,244,,84,88,,173,57,,6223821,1595545
2022-05-16,3675,0,1045,0,3.52,2034,488,,74,24,,283,35,,1284,498,,669,163,82,239,,365,81,49,131,,721,117,,108,67,,109,93,,136,13,,74,2,,957,290,,128,49,,938,277,,210,15,,1034,244,,84,88,,173,57,,6266844,1628083
2022-05-17,3675,0,1045,0,3.52,2034,488,,74,24,,283,35,,1284,498,,669,163,82,239,,365,81,49,131,,721,117,,108,67,,109,93,,136,13,,74,2,,957,290,,128,49,,938,277,,210,15,,1034,244,,84,88,,173,57,,6312255,1659960
2022-05-18,3675,0,1045,0,3.52,2034,488,,74,24,,283,35,,1284,498,,669,163,82,239,,365,81,49,131,,721,117,,108,67,,109,93,,136,13,,74,2,,957,290,,128,49,,938,277,,210,15,,1034,244,,84,88,,173,57,,6361116,1694635
2022-05-19,3681,6,1046,1,3.52,2035,489,,74,24,,288,35,,1284,498,,671,163,82,239,,365,81,49,131,,725,117,,108,67,,109,93,,136,13,,74,2,,957,290,,128,49,,942,277,,210,15,,1036,244,,84,89,,173,57,,6409355,1728769
2022-05-20,3709,28,1057,11,3.51,2055,493,,74,25,,290,35,,1290,504,,682,169,85,241,,368,81,49,132,,730,119,,108,67,,109,93,,136,13,,75,2,,958,290,,131,49,,947,279,,211,15,,1050,250,,87,90,,173,59,,6444009,1765343
2022-05-21,3732,23,1063,6,3.51,2075,497,,74,25,,290,35,,1293,506,,685,171,85,241,,369,83,50,132,,737,120,,109,67,,109,93,,136,13,,76,2,,960,290,,133,50,,955,280,,212,15,,1054,254,,88,90,,175,59,,6511260,1806378
2022-05-22,3794,62,1069,6,3.55,2117,502,,75,25,,292,35,,1310,507,,691,176,87,243,,383,83,50,133,,754,121,,110,65,,109,93,,136,13,,76,2,,971,291,,142,51,,973,279,,212,15,,1074,259,,88,90,,178,59,,6552971,1845458
2022-05-23,3915,121,1071,2,3.66,2228,504,,75,25,,292,35,,1320,507,,694,176,87,243,,391,83,50,134,,756,121,,110,65,,109,93,,136,13,,77,2,,1075,291,,143,53,,975,279,,213,15,,1085,259,,88,90,,178,59,,6595675,1873121
2022-05-24,4033,118,1071,0,3.77,2330,504,,75,25,,294,35,,1334,507,,696,176,87,242,,396,83,50,134,,763,121,,111,65,,109,93,,138,13,,77,2,,1177,291,,143,53,,983,279,,215,15,,1092,259,,88,90,,178,59,,6642659,1902293
2022-05-25,4100,67,1077,6,3.81,2382,510,,75,25,,305,35,,1338,507,,718,177,87,244,,400,83,50,134,,793,121,,111,65,,110,93,,143,13,,78,2,,1177,294,,145,53,,1014,279,,221,15,,1118,260,,88,91,,178,60,,6659220,1931749
2022-05-26,4146,46,1076,-1,3.85,2408,510,,75,25,,317,35,,1346,506,,733,177,87,246,,404,83,50,135,,802,121,,111,64,,110,93,,156,13,,79,2,,1182,294,,148,53,,1023,278,,235,15,,1137,260,,88,91,,178,60,,6700411,1937641
2022-05-27,4155,9,1082,6,3.84,2416,511,,75,25,,317,35,,1347,511,,734,177,87,247,,405,84,51,135,,804,121,,112,64,,110,95,,156,13,,79,2,,1184,295,,149,53,,1026,280,,235,15,,1139,261,,89,92,,178,62,,6737208,1973143
2022-05-28,4173,18,1105,23,3.78,2429,525,,75,25,,316,35,,1353,520,,736,185,92,248,,411,83,50,135,,806,122,,112,64,,110,51,,159,13,,79,2,,1185,295,,151,57,,1028,237,,238,15,,1147,268,,88,93,,180,64,,6771963,2011659
2022-05-29,4178,5,1106,1,3.78,2432,526,,75,25,,316,35,,1355,520,,738,185,92,248,,411,83,50,135,,809,122,,112,64,,110,51,,159,13,,79,2,,1184,295,,151,58,,1031,237,,238,15,,1149,268,,88,93,,181,64,,6801987,2048136
2022-05-30,4187,9,1116,10,3.75,2439,530,,75,24,,316,35,,1357,527,,741,186,92,251,,411,83,50,135,,818,129,,112,65,,110,51.5,,159,13,,79,2,,1185,295,,147,55,,1040,245.5,,238,15,,1152,269,,88,96,,181,67,,6888355,2080548
2022-05-31,4191,4,1120,4,3.74,2443,532,,75,24,,316,35,,1357,529,,742,187,93,252,,412,84,50,135,,819,130,,112,65,,110,52,,159,13,,79,2,,1186,295,,148,55,,1041,247,,238,15,,1154,271,,88,96,,181,67,,6937546,2092766
2022-06-01,4205,14,1122,2,3.75,2455,535,,72,24,,316,35,,1362,528,,747,187,93,254,,413,85,50,135,,825,130,,112,65,,110,51.5,,159,13,,79,2,,1187,295,,149,55,,1047,246.5,,238,15,,1160,272,,88,98,,181,69,,6983041,2148697
2022-06-02,4211,6,1122,0,3.75,2458,535,,72,24,,316,35,,1365,528,,749,187,93,255,,413,85,50,135,,825,130,,112,65,,110,51.5,,159,13,,79,2,,1187,295,,153,55,,1047,246.5,,238,15,,1162,272,,88,98,,181,69,,7011820,2102047
2022-06-03,4213,2,1122,0,3.75,2458,535,,72,24,,316,35,,1367,528,,751,187,93,257,,413,85,50,135,,825,130,,112,65,,110,51.5,,159,13,,79,2,,1187,295,,153,55,,1047,246.5,,238,15,,1164,272,,88,98,,181,69,,7041655,2172261
2022-06-04,4237,24,1130,8,3.75,2475,541,,73,24,,318,35,,1371,530,,761,190,95,259,,416,85,50,135,,829,131,,112,66,,110,52,,159,13,,80,2,,1189,297,,154,55,,1051,249,,239,15,,1177,275,,88,98,,182,70,,7071169,2196843
2022-06-05,4237,0,1133,3,3.74,2477,541,,73,24,,317,35,,1370,533,,759,191,96,259,,417,85,50,135,,828,131,,112,66,,110,52.5,,159,13,,80,2,,1190,297,,155,55,,1050,249.5,,239,15,,1176,276,,88,98,,182,70,,7096489,2224679
2022-06-06,4245,8,1137,4,3.73,2483,543,,74,24,,316,35,,1372,535,,761,191,96,259,,417,87,52,135,,832,131,,115,66,,110,52.5,,159,13,,80,2,,1191,298,,155,56,,1057,249.5,,239,15,,1178,278,,88,98,,181,70,,7122084,2250610
2022-06-07,4254,9,1139,2,3.73,2490,545,,75,24,,316,35,,1373,535,,761,191,96,259,,419,87,52,135,,834,132,,115,66,,110,52.5,,159,13,,80,2,,1194,298,,156,57,,1059,250.5,,239,15,,1180,278,,88,98,,181,70,,7151034,2273160
2022-06-08,4271,17,1139,0,3.75,2506,545,,78,24,,316,35,,1371,535,,760,191,96,258,,419,87,52,134,,840,132,,115,66,,112,52.5,,158,13,,80,2,,1200,298,,157,57,,1067,250.5,,238,15,,1179,278,,88,98,,182,70,,7313667,2362373
2022-06-09,4273,2,1142,3,3.74,2509,545,,78,25,,315,35,,1371,537,,762,192,97,258,,420,87,52,134,,840,132,,115,66,,108,53,,158,13,,80,2,,1202,298,,157,57,,1063,251,,238,15,,1182,279,,88,99,,182,71,,7363623,2387834
2022-06-10,4306,33,1147,5,3.75,2539,548,,79,27,,317,35,,1371,537,,766,193,97,259,,422,87,52,134,,845,132,,116,66,,108,53,,157,13,,80,2,,1212,298,,159,58,,1069,251,,237,15,,1188,280,,88,100,,183,73,,7420775,2417653
2022-06-11,4312,6,1147,0,3.76,2544,548,,79,27,,317,35,,1372,537,,767,193,97,259,,422,87,52,134,,846,132,,116,66,,108,53,,157,13,,80,2,,1215,298,,159,58,,1070,251,,237,15,,1189,280,,88,100,,184,73,,7476185,2447859
2022-06-12,4338,26,1147,0,3.78,2564,548,,81,27,,317,35,,1376,537,,774,193,97,262,,426,87,52,134,,848,132,,116,66,,108,53,,157,13,,80,2,,1226,298,,160,58,,1072,251,,237,15,,1200,280,,88,100,,185,73,,7521823,2475790
2022-06-13,4349,11,1151,4,3.78,2573,550,,81,27,,319,35,,1376,539,,774,193,97,262,,430,87,52,134,,851,134,,116,66,,108,53,,157,13,,80,2,,1226,298,,161,60,,1075,253,,237,15,,1204,280,,88,100,,185,73,,7567024,2479398
2022-06-14,4353,4,1151,0,3.78,2577,550,,81,27,,319,35,,1376,539,,774,193,97,262,,432,87,52,134,,853,134,,116,66,,108,53,,157,13,,80,2,,1226,298,,161,60,,1077,253,,237,15,,1206,280,,88,100,,185,73,,7616655,2551811
2022-06-15,4353,0,1158,7,3.76,2577,557,,81,27,,319,35,,1376,539,,774,193,97,262,,432,89,52,134,,853,135,,116,67,,108,53,,157,13,,80,2,,1226,299,,161,61,,1077,255,,237,15,,1206,282,,88,100,,185,74,,7671621,2583050
2022-06-16,4344,-9,1159,1,3.75,2571,557,,80,27,,318,35,,1375,540,,781,193,97,263,,432,89,52,134,,854,135,,116,67,,108,104,,157,13,,80,2,,1200,299,,166,61,,1078,306,,237,15,,1213,282,,88,100,,185,74,,7703857,2595467
2022-06-17,4344,0,1159,0,3.75,2571,557,,80,27,,318,35,,1375,540,,781,193,97,263,,432,89,52,134,,854,135,,116,67,,108,104,,157,13,,80,2,,1200,299,,166,61,,1078,306,,237,15,,1213,282,,88,100,,185,74,,7786169,2707093
2022-06-18,4337,-7,1159,0,3.74,2583,557,,83,27,,322,35,,1349,540,,762,193,97,250,,432,89,52,132,,854,135,,116,67,,108,104,,168,13,,86,2,,1181,299,,167,61,,1078,306,,254,15,,1194,282,,88,100,,186,74,,7843040,2740347
2022-06-19,4359,22,1172,13,3.72,2601,566,,82,28,,321,35,,1355,543,,767,195,98,252,,434,90,52,133,,865,138,,117,68,,108,106,,166,15,,85,3,,1183,299,,169,62,,1090,312,,251,18,,1201,285,,88,100,,189,74,,7899287,2773190
2022-06-20,4359,0,1174,2,3.71,2601,569,,82,28,,321,34,,1355,543,,767,195,98,252,,434,90,52,133,,865,138,,117,67,,108,109,,166,15,,85,3,,1183,299,,169,62,,1090,314,,251,18,,1201,285,,88,100,,189,74,,7950234,2804095
2022-06-21,4375,16,1184,10,3.70,2614,577,,84,28,,322,36,,1355,543,,770,197,98,252,,435,90,52,133,,873,142,,117,67,,108,109,,166,15,,85,3,,1184,301,,172,62,,1098,318,,251,18,,1205,287,,88,100,,189,76,,8007015,2836563
2022-06-22,4375,0,1184,0,3.70,2614,577,,84,28,,322,36,,1355,543,,770,197,98,252,,435,90,52,133,,873,142,,117,67,,108,109,,166,15,,85,3,,1184,301,,172,62,,1098,318,,251,18,,1205,287,,88,100,,189,76,,8069043,2870156
2022-06-23,4375,0,1184,0,3.70,2614,577,,84,28,,322,36,,1355,543,,770,197,98,252,,435,90,52,133,,873,142,,117,67,,108,109,,166,15,,85,3,,1184,301,,172,62,,1098,318,,251,18,,1205,287,,88,100,,189,76,,8133324,2905052
2022-06-24,4375,0,1184,0,3.70,2614,577,,84,28,,322,36,,1355,543,,770,197,98,252,,435,90,52,133,,873,142,,117,67,,108,109,,166,15,,85,3,,1184,301,,172,62,,1098,318,,251,18,,1205,287,,88,100,,189,76,,8195757,2940457
2022-06-25,4375,0,1184,0,3.70,2614,577,,84,28,,322,36,,1355,543,,770,197,98,252,,435,90,52,133,,873,142,,117,67,,108,109,,166,15,,85,3,,1184,301,,172,62,,1098,318,,251,18,,1205,287,,88,100,,189,76,,8257603,2981551
2022-06-26,4384,9,1184,0,3.70,2622,577,,85,28,,322,36,,1355,543,,770,197,98,252,,435,90,52,133,,873,143,,117,67,,108,109,,167,15,,85,3,,1191,301,,172,62,,1098,319,,252,18,,1205,287,,88,100,,189,76,,8309264,3023109
2022-06-27,4392,8,1184,0,3.71,2630,577,,85,28,,322,36,,1355,543,,770,197,98,252,,435,90,52,133,,873,143,,117,67,,108,109,,167,15,,85,3,,1197,301,,172,62,,1098,319,,252,18,,1205,287,,88,100,,189,76,,8356196,3063899
2022-06-28,4463,71,1198,14,3.73,2685,585,,89,29,,323,36,,1366,548,,804,199,99,271,,457,90,53,133,,887,145,,120,67,,109,111,,169,16,,86,3,,1202,301,,175,65,,1116,323,,255,19,,1261,289,,88,101,,194,77,,8402336,3097142
2022-06-29,4511,48,1199,1,3.76,2727,586,,91,29,,330,36,,1363,548,,808,199,99,272,,467,90,53,133,,915,145,,121,67,,109,111,,171,16,,87,3,,1194,302,,175,65,,1145,323,,258,19,,1275,289,,88,101,,200,77,,,
2022-06-30,4510,-1,1199,0,3.76,2728,586,,91,29,,330,36,,1361,548,,808,199,99,272,,468,90,53,133,,912,145,,121,67,,109,111,,171,16,,87,3,,1194,302,,175,65,,1142,323,,258,19,,1276,289,,88,101,,200,77,,,
2022-07-01,4510,0,1199,0,3.76,2728,586,,91,29,,330,36,,1361,548,,808,199,99,272,,468,90,53,133,,912,145,,121,67,,109,111,,171,16,,87,3,,1194,302,,175,65,,1142,323,,258,19,,1276,289,,88,101,,200,77,,,
2022-07-02,4568,58,1201,2,3.80,2775,588,,97,29,,330,36,,1366,548,,821,199,99,273,,478,90,53,133,,921,145,,122,67,,110,111,,172,16,,88,3,,1209,302,,176,65,,1153,323,,260,19,,1299,289,,88,101,,201,79,,,
2022-07-03,4567,-1,1209,8,3.78,2775,592,,97,30,,327,36,,1368,551,,824,199,99,273,,478,91,54,133,,919,145,,122,67,,110,112,,172,16,,88,3,,1209,303,,176,65,,1151,324,,260,19,,1302,290,,88,101,,200,83,,,
2022-07-04,4574,7,1207,-2,3.79,2783,593,,97,30,,327,36,,1367,548,,831,199,99,273,,471,91,54,133,,917,145,,123,67,,110,112,,172,16,,89,3,,1211,302,,178,65,,1150,324,,261,19,,1302,290,,90,101,,200,83,,,
2022-07-05,4586,12,1207,0,3.80,2791,593,,99,30,,327,36,,1369,548,,834,199,99,274,,471,91,54,133,,922,145,,123,67,,110,112,,172,16,,90,3,,1214,302,,179,65,,1155,324,,262,19,,1305,290,,90,101,,200,83,,,
2022-07-06,4591,5,1209,2,3.80,2798,595,,100,30,,327,36,,1366,548,,836,199,99,274,,472,92,54,133,,922,146,,123,67,,110,112,,172,16,,90,3,,1217,302,,178,65,,1155,325,,262,19,,1308,291,,90,101,,200,83,,,
2022-07-07,4622,31,1222,13,3.78,2821,606,,104,30,,327,36,,1370,550,,848,199,99,276,,475,95,54,133,,906,146,,123,67,,110,114,,172,17,,90,3,,1217,305,,178,65,,1139,327,,262,20,,1323,294,,90,102,,200,83,,,
2022-07-08,4642,20,1226,4,3.79,2841,608,,101,30,,329,36,,1371,552,,853,201,100,276,,476,95,54,133,,911,148,,123,67,,112,114,,172,17,,90,3,,1228,305,,178,65,,1146,329,,262,20,,1329,296,,91,102,,200,83,,,
2022-07-09,4658,16,1226,0,3.80,2855,608,,101,30,,329,36,,1373,552,,857,201,100,277,,480,95,54,133,,914,148,,123,67,,112,114,,173,17,,90,3,,1231,305,,178,65,,1149,329,,263,20,,1337,296,,91,102,,201,83,,,
2022-07-10,4664,6,1233,7,3.78,2859,615,,101,30,,331,36,,1373,552,,862,201,100,277,,481,95,54,133,,914,148,,123,67,,112,114,,173,17,,90,3,,1232,305,,178,72,,1149,329,,263,20,,1343,296,,91,102,,201,83,,,
2022-07-11,4683,19,1253,20,3.74,2875,620,,102,30,,331,36,,1375,567,,869,204,103,278,,483,98,55,133,,916,153,,123,67,,112,117,,173,19,,90,3,,1237,307,,179,72,,1151,337,,263,22,,1352,302,,91,104,,204,85,,,
2022-07-12,4692,9,1252,-1,3.75,2879,619,,102,30,,331,36,,1380,567,,869,204,103,278,,487,98,55,133,,920,153,,124,67,,112,117,,173,19,,90,3,,1237,307,,179,71,,1156,337,,263,22,,1356,302,,91,104,,204,85,,,
2022-07-13,4706,14,1255,3,3.75,2892,622,,102,30,,332,36,,1380,567,,868,204,103,278,,490,98,55,133,,922,154,,125,67,,112,117,,173,19,,90,3,,1238,307,,179,71,,1159,338,,263,22,,1358,302,,91,104,,205,86,,,
2022-07-14,4722,16,1260,5,3.75,2907,627,,103,30,,332,36,,1380,567,,869,204,103,278,,491,98,55,133,,924,154,,127,67,,112,117,,173,19,,90,5,,1247,307,,180,74,,1163,338,,263,24,,1360,302,,91,104,,205,86,,,
2022-07-15,4734,12,1260,0,3.76,2917,627,,103,30,,333,36,,1381,567,,873,204,103,279,,491,98,55,133,,924,154,,127,67,,112,117,,173,19,,90,5,,1254,307,,180,74,,1163,338,,263,24,,1364,302,,91,104,,206,86,,,
2022-07-16,4747,13,1263,3,3.76,2929,629,,103,30,,333,36,,1382,568,,876,204,103,279,,495,98,55,134,,925,155,,128,68,,112,118,,173,19,,90,5,,1255,307,,180,74,,1165,341,,263,24,,1371,302,,91,104,,207,86,,,
2022-07-17,4757,10,1265,2,3.76,2938,631,,103,30,,333,36,,1383,568,,882,204,103,279,,496,98,55,134,,924,155,,127,68,,112,118,,173,19,,90,5,,1259,307,,180,74,,1163,341,,263,24,,1378,302,,91,105,,207,88,,,
2022-07-18,4733,-24,1268,3,3.73,2929,633,,103,30,,332,36,,1369,569,,867,205,104,270,,495,98,55,131,,949,155,,126,68,,113,118,,173,19,,91,5,,1259,307,,181,74,,1188,341,,264,24,,1362,303,,91,106,,209,89,,,